num,item_id,loc_X,loc_Y,loc_Z,rot_X, rot_Y,rot_Z
1,wood_plank_oak,0,66.458923,66.263763,0.0,0.0,0.0,
2,wood_plank_oak,0,66.458923,136.263763,0.0,0.0,0.0,
3,wood_plank_oak,0,-53.198631,148.420074,90.000015,0.0,0.0,
4,wood_plank_oak,0,186.801361,148.420013,90.000015,0.0,0.0,
5,wood_plank_oak,0,66.458923,266.263763,0.0,0.0,0.0,
6,wood_plank_oak,0,66.458923,206.263763,0.0,0.0,0.0,
